{
    "rouge": {
        "rouge1": [
            [
                0.4543719296688752,
                0.12140594403071853,
                0.18075301626835477
            ],
            [
                0.46359532684354265,
                0.12735285257276754,
                0.18657209666449975
            ],
            [
                0.47392559855591077,
                0.13345951697009187,
                0.19254229369071194
            ]
        ],
        "rouge2": [
            [
                0.08279873097229315,
                0.021247920201489714,
                0.03177632710249167
            ],
            [
                0.0878639969633445,
                0.02277984547478313,
                0.033753140384034604
            ],
            [
                0.093901338345278,
                0.024494611524698867,
                0.03618745803492562
            ]
        ],
        "rougeL": [
            [
                0.26616416841863544,
                0.06868003083664792,
                0.10304813729179771
            ],
            [
                0.27370459351926396,
                0.07125176856143278,
                0.10564565359035169
            ],
            [
                0.2811727882111656,
                0.07443104656835507,
                0.10844848903131715
            ]
        ],
        "rougeLsum": [
            [
                0.2688221043059054,
                0.0696421753071783,
                0.10456456196848424
            ],
            [
                0.27614724692802073,
                0.07270631675034422,
                0.1072761038741664
            ],
            [
                0.2838345191736734,
                0.07614970425752864,
                0.11030627534044216
            ]
        ]
    },
    "rouge1": 0.18657209666449975,
    "rouge2": 0.033753140384034604,
    "rougeL": 0.10564565359035169,
    "rougeLsum": 0.1072761038741664,
    "bertscore_avg_p": 0.8092613816261292,
    "bertscore_avg_r": 0.8617967963218689,
    "bertscore_avg_f": 0.8345569372177124,
    "bertscore_std_p": 0.019369205459952354,
    "bertscore_std_r": 0.014920616522431374,
    "bertscore_std_f": 0.013534904457628727
}