{
    "rouge": {
        "rouge1": [
            [
                0.4175848929661396,
                0.1420178421442767,
                0.19739790363121099
            ],
            [
                0.42843641115416803,
                0.14850516552753693,
                0.20301749772152855
            ],
            [
                0.4389973348368136,
                0.15571951092184258,
                0.20895117566189092
            ]
        ],
        "rouge2": [
            [
                0.07036866916967963,
                0.023447725946945462,
                0.0321925699107201
            ],
            [
                0.07519436332900761,
                0.025406711826443364,
                0.03438846192432747
            ],
            [
                0.0807262778067623,
                0.027636501588457537,
                0.036667699000886574
            ]
        ],
        "rougeL": [
            [
                0.23980933284438388,
                0.07926043668022052,
                0.11105622584400235
            ],
            [
                0.24747196274958316,
                0.08261384559637355,
                0.11373142230403291
            ],
            [
                0.25461026133514164,
                0.08637316535006428,
                0.11676823393813683
            ]
        ],
        "rougeLsum": [
            [
                0.242626323831674,
                0.08064985948278668,
                0.11257069620249123
            ],
            [
                0.2499170693982969,
                0.08414736403287071,
                0.11554492173385673
            ],
            [
                0.2574536252491521,
                0.08786549802367433,
                0.118613168612059
            ]
        ]
    },
    "rouge1": 0.20301749772152855,
    "rouge2": 0.03438846192432747,
    "rougeL": 0.11373142230403291,
    "rougeLsum": 0.11554492173385673,
    "bertscore_avg_p": 0.8180294632911682,
    "bertscore_avg_r": 0.8632557988166809,
    "bertscore_avg_f": 0.8398611545562744,
    "bertscore_std_p": 0.021014263853430748,
    "bertscore_std_r": 0.015637850388884544,
    "bertscore_std_f": 0.014278918504714966
}