{
    "rouge": {
        "rouge1": [
            [
                0.45205916259854784,
                0.12599064968857757,
                0.1842631491567444
            ],
            [
                0.46191727157766677,
                0.13204413708057355,
                0.1904531983684024
            ],
            [
                0.4718316081108762,
                0.1385738342367879,
                0.1966516608648232
            ]
        ],
        "rouge2": [
            [
                0.0804746131010521,
                0.02171391644533995,
                0.03184739946180877
            ],
            [
                0.08607874126814796,
                0.023329153495773598,
                0.033974223215685585
            ],
            [
                0.09136859629118804,
                0.025035830292521016,
                0.036044043880813
            ]
        ],
        "rougeL": [
            [
                0.26155281811587977,
                0.07053879422640104,
                0.10413220037068709
            ],
            [
                0.26909101321357165,
                0.07333512294723254,
                0.10686353913832514
            ],
            [
                0.2770332546159935,
                0.07646494029373874,
                0.10975082209529353
            ]
        ],
        "rougeLsum": [
            [
                0.2642400291505453,
                0.07179939000362032,
                0.10567320632396371
            ],
            [
                0.2717463885364419,
                0.07495269813595135,
                0.10858079072733026
            ],
            [
                0.2788862549660622,
                0.07833926465981186,
                0.11157789494008413
            ]
        ]
    },
    "rouge1": 0.1904531983684024,
    "rouge2": 0.033974223215685585,
    "rougeL": 0.10686353913832514,
    "rougeLsum": 0.10858079072733026,
    "bertscore_avg_p": 0.8107320666313171,
    "bertscore_avg_r": 0.8624137043952942,
    "bertscore_avg_f": 0.8356078267097473,
    "bertscore_std_p": 0.020790044218301773,
    "bertscore_std_r": 0.015191737562417984,
    "bertscore_std_f": 0.014140243642032146
}
