{
    "rouge": {
        "rouge1": [
            [
                0.29196439326825757,
                0.2961081350044989,
                0.2779568120741108
            ],
            [
                0.3014450142833881,
                0.3061680966073268,
                0.28438927877518155
            ],
            [
                0.31078686185881305,
                0.31647177435700125,
                0.2904182314225376
            ]
        ],
        "rouge2": [
            [
                0.06603026109685423,
                0.06539343961746442,
                0.061467974277758235
            ],
            [
                0.07175038364148478,
                0.07023913224240166,
                0.06600301863441088
            ],
            [
                0.07802220661277953,
                0.07566931957227387,
                0.07119659454315276
            ]
        ],
        "rougeL": [
            [
                0.19160737713084727,
                0.18948377855878354,
                0.1797889162747073
            ],
            [
                0.19973229096508377,
                0.1964783035096005,
                0.18518844585484864
            ],
            [
                0.20846139990192747,
                0.2031939370455502,
                0.1904209529924291
            ]
        ],
        "rougeLsum": [
            [
                0.20464742894219157,
                0.20442154132365153,
                0.19271246613528356
            ],
            [
                0.2124985681626524,
                0.21157969298155865,
                0.1980093838829356
            ],
            [
                0.221061208106912,
                0.2193056990241772,
                0.2033519661213155
            ]
        ]
    },
    "rouge1": 0.28438927877518155,
    "rouge2": 0.06600301863441088,
    "rougeL": 0.18518844585484864,
    "rougeLsum": 0.1980093838829356,
    "bertscore_avg_p": 0.862394392490387,
    "bertscore_avg_r": 0.8637924790382385,
    "bertscore_avg_f": 0.8629281520843506,
    "bertscore_std_p": 0.018123121932148933,
    "bertscore_std_r": 0.022869784384965897,
    "bertscore_std_f": 0.016789929941296577
}