{
    "rouge": {
        "rouge1": [
            [
                0.18492264659201874,
                0.4184632203008351,
                0.2392565845998473
            ],
            [
                0.19390774618616605,
                0.4328243452004195,
                0.247245597537251
            ],
            [
                0.20281475397514123,
                0.44712451740540354,
                0.25532654598456883
            ]
        ],
        "rouge2": [
            [
                0.04490762380104622,
                0.10433542960227858,
                0.058242931943238
            ],
            [
                0.04985961761205383,
                0.11568066869471033,
                0.06428761453750767
            ],
            [
                0.05556247805241821,
                0.12669691620786153,
                0.07097548550865114
            ]
        ],
        "rougeL": [
            [
                0.13303913263766187,
                0.3000246376883093,
                0.17117731568428243
            ],
            [
                0.14034620361513447,
                0.3129959904760997,
                0.1785828507464561
            ],
            [
                0.1490211321215828,
                0.32562759438900246,
                0.186846223134021
            ]
        ],
        "rougeLsum": [
            [
                0.1348187739240712,
                0.30489338359083157,
                0.1735429172093235
            ],
            [
                0.14204777048530598,
                0.31736108221214254,
                0.1807165326486832
            ],
            [
                0.149503382707292,
                0.3310463207481635,
                0.18790974878136094
            ]
        ]
    },
    "rouge1": 0.247245597537251,
    "rouge2": 0.06428761453750767,
    "rougeL": 0.1785828507464561,
    "rougeLsum": 0.1807165326486832,
    "bertscore_avg_p": 0.8883152604103088,
    "bertscore_avg_r": 0.8560221195220947,
    "bertscore_avg_f": 0.8716489672660828,
    "bertscore_std_p": 0.024251915514469147,
    "bertscore_std_r": 0.023963717743754387,
    "bertscore_std_f": 0.019694209098815918
}