{
    "rouge": {
        "rouge1": [
            [
                0.29238770220255,
                0.29648982597871554,
                0.2783946825824778
            ],
            [
                0.30156546107633453,
                0.30661003902676265,
                0.2842802501576829
            ],
            [
                0.31134762623929124,
                0.31669496066933067,
                0.2908634566659923
            ]
        ],
        "rouge2": [
            [
                0.06591058820556864,
                0.06510434793661378,
                0.061195608146304405
            ],
            [
                0.07204564613565667,
                0.07043095624806017,
                0.06627805561467238
            ],
            [
                0.07842380754512691,
                0.07572982711799013,
                0.07155429797440384
            ]
        ],
        "rougeL": [
            [
                0.19168767729104683,
                0.1903871633173728,
                0.18018553982503904
            ],
            [
                0.19957962789753023,
                0.1961413144571768,
                0.185010674335795
            ],
            [
                0.20807120243086308,
                0.2025782077441535,
                0.19064954690505173
            ]
        ],
        "rougeLsum": [
            [
                0.20470365032585586,
                0.2038414677392059,
                0.1924562441906593
            ],
            [
                0.21269915594646566,
                0.21129804135995206,
                0.1978733995460724
            ],
            [
                0.22058815444126353,
                0.21858411577790599,
                0.2033007977882772
            ]
        ]
    },
    "rouge1": 0.2842802501576829,
    "rouge2": 0.06627805561467238,
    "rougeL": 0.185010674335795,
    "rougeLsum": 0.1978733995460724,
    "bertscore_avg_p": 0.862394392490387,
    "bertscore_avg_r": 0.8637924790382385,
    "bertscore_avg_f": 0.8629282116889954,
    "bertscore_std_p": 0.018123121932148933,
    "bertscore_std_r": 0.022869786247611046,
    "bertscore_std_f": 0.016789929941296577
}