{
    "rouge": {
        "rouge1": [
            [
                0.29376078413693996,
                0.2924557025950294,
                0.2762839467628129
            ],
            [
                0.30310639845960613,
                0.30264953979161396,
                0.2826547332160507
            ],
            [
                0.31283271918609046,
                0.313398518561173,
                0.2892979464942671
            ]
        ],
        "rouge2": [
            [
                0.0635603804286825,
                0.06251732349669355,
                0.05898110282320103
            ],
            [
                0.06913553863083743,
                0.06707195698213034,
                0.06309928650477045
            ],
            [
                0.07440997110008332,
                0.07204571879217868,
                0.06738595407824485
            ]
        ],
        "rougeL": [
            [
                0.19299232476943864,
                0.18725755992304133,
                0.17944881697883636
            ],
            [
                0.20010664817382307,
                0.1942889496861287,
                0.1837386974775159
            ],
            [
                0.20802413387857485,
                0.2011345374344509,
                0.18864136121425887
            ]
        ],
        "rougeLsum": [
            [
                0.2053386401755307,
                0.2009846928453631,
                0.19114225219303294
            ],
            [
                0.21337870360144134,
                0.2089029416906577,
                0.19644076798418308
            ],
            [
                0.22142271698695645,
                0.21629338699067452,
                0.20198454071568156
            ]
        ]
    },
    "rouge1": 0.2826547332160507,
    "rouge2": 0.06309928650477045,
    "rougeL": 0.1837386974775159,
    "rougeLsum": 0.19644076798418308,
    "bertscore_avg_p": 0.8617158532142639,
    "bertscore_avg_r": 0.862937867641449,
    "bertscore_avg_f": 0.8621724247932434,
    "bertscore_std_p": 0.01755719818174839,
    "bertscore_std_r": 0.02327042631804943,
    "bertscore_std_f": 0.01704678125679493
}