{
    "rouge": {
        "rouge1": [
            [
                0.2942929826662908,
                0.29238609713863684,
                0.2762241849270748
            ],
            [
                0.30283037511942756,
                0.3029319595870147,
                0.28266727846964396
            ],
            [
                0.31254065396563757,
                0.3129935655561056,
                0.2892255699278838
            ]
        ],
        "rouge2": [
            [
                0.06389773830797316,
                0.06249649801308505,
                0.05869737360846793
            ],
            [
                0.06897245056651774,
                0.06707509140809102,
                0.0630940155703291
            ],
            [
                0.07474239824002711,
                0.07171583877350839,
                0.06749522394507973
            ]
        ],
        "rougeL": [
            [
                0.19312224677948855,
                0.18800175910163036,
                0.17907280470293813
            ],
            [
                0.19994745983189277,
                0.19436712773100578,
                0.18373752691290296
            ],
            [
                0.20830433311001678,
                0.20121880872684056,
                0.18886409435974333
            ]
        ],
        "rougeLsum": [
            [
                0.20475580636119475,
                0.2012978359213814,
                0.191037158074444
            ],
            [
                0.21312158074015436,
                0.20902884198729255,
                0.19637683824744395
            ],
            [
                0.22174898341664087,
                0.21725088133833914,
                0.20221125890749764
            ]
        ]
    },
    "rouge1": 0.28266727846964396,
    "rouge2": 0.0630940155703291,
    "rougeL": 0.18373752691290296,
    "rougeLsum": 0.19637683824744395,
    "bertscore_avg_p": 0.8617158532142639,
    "bertscore_avg_r": 0.862937867641449,
    "bertscore_avg_f": 0.8621724247932434,
    "bertscore_std_p": 0.01755719818174839,
    "bertscore_std_r": 0.02327042818069458,
    "bertscore_std_f": 0.01704678125679493
}