{
    "rouge": {
        "rouge1": [
            [
                0.18070044305970387,
                0.40533639087872153,
                0.23376673868977219
            ],
            [
                0.18896580288589007,
                0.41965896923089563,
                0.24142746611451776
            ],
            [
                0.19710541868988946,
                0.4334589511834678,
                0.24952001671788468
            ]
        ],
        "rouge2": [
            [
                0.04287454908185878,
                0.09986211926505785,
                0.05590091867834462
            ],
            [
                0.04771818589662078,
                0.11014566258001532,
                0.06163405271711675
            ],
            [
                0.0527640533671576,
                0.11963155423098833,
                0.06726599536868968
            ]
        ],
        "rougeL": [
            [
                0.13037615898120822,
                0.29498998018414296,
                0.1686850126701409
            ],
            [
                0.13734225670363195,
                0.30790681737220327,
                0.17626948179294338
            ],
            [
                0.14458261990405247,
                0.3195454107916369,
                0.18336318508157792
            ]
        ],
        "rougeLsum": [
            [
                0.13180171731441817,
                0.2987268349101461,
                0.17049791676065498
            ],
            [
                0.13814265722847452,
                0.31027685982492026,
                0.17718628600393854
            ],
            [
                0.14530727614227565,
                0.32276720541902076,
                0.1846510677550313
            ]
        ]
    },
    "rouge1": 0.24142746611451776,
    "rouge2": 0.06163405271711675,
    "rougeL": 0.17626948179294338,
    "rougeLsum": 0.17718628600393854,
    "bertscore_avg_p": 0.8864192962646484,
    "bertscore_avg_r": 0.854790210723877,
    "bertscore_avg_f": 0.8701319098472595,
    "bertscore_std_p": 0.023101255297660828,
    "bertscore_std_r": 0.023765670135617256,
    "bertscore_std_f": 0.019757037982344627
}